nose_X,nose_Y,left_eye_X,left_eye_Y,right_eye_X,right_eye_Y,left_ear_X,left_ear_Y,right_ear_X,right_ear_Y,left_shoulder_X,left_shoulder_Y,right_shoulder_X,right_shoulder_Y,left_elbow_X,left_elbow_Y,right_elbow_X,right_elbow_Y,left_wrist_X,left_wrist_Y,right_wrist_X,right_wrist_Y,targetPose
356.0527826248592,214.23621162529415,375.34695365126095,191.9566605955322,329.2552707388163,193.69702354881542,397.08954199177685,207.9522987977266,288.50218950099327,213.28249229066088,470.41809556872414,329.56693785013965,222.04730248617946,315.62623316698654,492.3480449770641,480.99093460763834,148.5331727675033,459.6314135955281,478.5092004204955,466.9514559929246,169.62335335876443,460.5594944506559,noHand
341.08330672801185,213.45519105265487,360.2963812064254,190.90888512006848,315.19779676548046,193.03669993686864,378.47678580874225,204.41283603757225,275.00443041684673,210.57523260692565,461.56029116395655,327.75244260653017,211.06831105310823,315.61416289750713,484.79439092926606,477.89183805033264,142.24409081679175,461.94470230002054,474.13775568678363,462.5061670159123,167.47001067781542,460.0086873533156,noHand
323.89283083556955,213.29653613709783,345.5811923564811,190.09862956107307,298.38928388599106,192.33307547259034,370.10517089730286,202.83917200310276,264.85067149879785,210.44804201643956,450.3828190209674,325.9988507427535,198.7448572425355,320.8443590726431,493.7167172721505,476.9535395229641,138.65076826184196,465.08407332018515,463.6406815279745,468.3102628018537,183.45145909801033,463.3114367579467,noHand
311.3784974154558,212.4885205109411,330.3393051722775,188.5648114822908,285.06901950966017,191.42050649845686,357.3960671537639,201.68516956204377,254.41286780448058,211.8220640748697,441.676393979435,324.63544010664003,195.08700648694685,321.9016338468698,480.45463691737865,476.72975933499106,135.48727259943232,471.1746430736911,460.6118506159248,467.79470828752693,170.53663930056544,456.97737332321043,noHand
298.7577766574522,212.7605537173897,320.286298657322,187.59746538954414,271.4868800539062,191.41321291020515,352.84622438284026,202.79627923790656,241.28958434081764,214.07258740683272,435.0692757007823,320.6573918329397,185.97976599453776,325.8605771532054,481.31822311253495,474.09931994154914,128.18451817255757,462.4868517315327,450.9250100741611,471.628944505621,179.93905234011808,464.7193273810433,noHand
284.7381556431701,212.1224600413088,307.6299132493539,188.3357296160621,259.8287256429784,191.13108130848005,337.5228722232787,203.89529709569123,230.38846659525774,212.18081881530077,415.7534361024482,311.6066069763352,178.64444755999546,325.0804819297805,474.78917238923077,459.79020100948463,125.79774986258394,459.5991187348831,392.14908680501793,473.3447389029493,180.82809719479027,465.5736433597089,noHand
277.9450658670305,210.86224690349954,298.6679124192345,187.4191530365289,253.17387408831806,191.22425978151287,328.11449339331216,201.53300394840159,222.9398173465269,214.16379642689517,412.31032403269967,312.75707038978015,173.9101627799228,325.2664773835022,464.0678608265665,459.3720156582515,122.310916755959,469.58122030603204,382.65322490587664,461.2948006028073,202.50353313299695,469.2964889763473,noHand
267.82479154445906,211.80721979045973,287.4738820114027,186.25096294616108,240.60274918624225,191.90307889664012,319.44714046652086,201.001982087686,212.2344628080125,216.43309725512276,401.91340402254957,311.2219232779817,167.287961834768,325.8007590824444,445.6899723926062,460.49783916201915,115.0284167899146,469.12034759373256,384.96343700941713,470.9003201347745,194.65422493915327,468.53527571475837,noHand
264.8499814721459,211.87518577487705,284.105469332069,187.03878527513865,237.6309749478919,193.52999839440986,312.41016620235735,200.84785722363767,209.76359087535837,216.69617701541515,397.07243831591336,308.2080708732592,165.57120309327593,326.2866539401085,445.78564389776255,460.4735973371237,112.61957886758324,463.9148844015453,383.391030881395,470.475403349722,191.52355505211858,466.7672363548078,noHand
259.6827313278195,212.33038031786347,279.61262755994835,187.5331585337495,232.58831917508326,194.16815210560114,309.9929738135103,201.5162438376122,205.97287694592978,217.53282288153383,397.97465745996453,308.5022095040199,164.875796254563,328.19792107632315,453.12067642591546,460.6533152309454,112.55530818089073,471.1782494506305,384.5617440970467,460.7358355872929,192.72788981235354,466.59088344383764,noHand
264.1165632739194,212.62652106988745,283.71870512562487,187.16639073034227,239.04119821545203,194.09460234337914,312.2383678414699,199.519204752616,209.42610127342195,216.54318563737166,398.1412781004118,307.8001829067084,165.33482813924948,327.39762417855576,455.4414366909231,459.51809761423544,113.26009758110439,471.19889748326403,411.5514782255696,470.82707551733176,186.2538653307035,468.95621531091234,noHand
268.1247287828727,211.03484428815784,288.8120689304657,186.00375077818464,242.24556474986613,191.8083121155616,319.9338700660569,201.4672602432738,212.43127014827087,216.9096156051011,401.4503171637528,311.9963428313052,166.69107788982143,326.59289960765,473.0438731952001,464.68279472873525,120.52687080846712,470.5687540753539,396.5863650609179,470.36697412536193,165.81839251840313,465.43017757825004,noHand
282.050709308239,210.78972813110417,302.5924984114493,188.37000914170406,256.5938280118151,191.43869918034522,330.35262816971675,202.9134113922519,223.90414575493674,215.17559194008257,411.9217534713764,315.0133184365458,174.31026221395197,325.07652003310835,473.4353750272894,465.454334266715,124.86993180930205,462.0564824678847,392.67838169076026,472.8218319990033,189.5738374263641,467.1173213441513,noHand
296.65123702393544,210.89461085487966,317.35521615928786,186.9177280736288,269.73947759570143,189.4499649520483,346.40004530385136,202.73804896300052,235.3105008510838,212.06432452573523,424.83215946672124,322.0142696206056,177.06870886964143,325.51425412475254,478.03193564754963,471.5477039024193,132.5555090397245,471.353223016842,452.34174303082517,470.2228302598599,180.7116943556123,466.1751763422319,noHand
309.706665071331,211.51494502412697,330.00470832514105,187.72000737079634,282.9099634026777,189.16342533694882,356.313817782117,202.09523541000786,249.32553919624672,209.0209593965451,435.93570352023255,325.4233499251967,184.33302202766316,323.9995614332951,482.8323764530903,472.06373285051336,135.6248909277539,471.9782345112901,467.27728592200424,470.9280168475655,181.59564166127035,465.5015374931184,noHand
324.26093219205893,209.4646340580608,345.0854067707417,185.240563720773,298.50126657024725,185.9884510291491,368.30247798561396,200.32982499441852,261.66078907074456,203.16753263766236,446.75193913900665,329.4559316604019,188.37187348411896,322.03483422065773,491.1705300330382,478.91589865693925,137.29755926121376,467.5420326015861,475.73812505122044,466.7649382578366,186.69555614271334,464.5043606336025,noHand
336.7412800461527,205.63961023704775,355.3111820848182,182.71416369445092,309.55540374509957,183.49573804553268,374.2349186350271,197.74816559102968,267.66615305724946,202.3268839028592,454.5546097084449,327.8809666814772,195.4389349413756,318.6194289024181,496.88279066490344,478.8396741342614,141.96660233008782,465.9889702098042,490.609763165955,466.85937433890433,188.86157196316037,467.1861600207432,noHand
341.9294170066993,203.339974311193,360.615890153352,181.26292970142376,315.31224544174916,181.98337805803723,379.40590391736794,197.05399421501514,273.8286890437307,199.74970166039074,458.39601542287136,327.11993552462474,201.1999552109107,314.4558162399861,495.1125877222378,481.5606164908578,144.12926379637187,463.14903770295007,492.1470197517633,467.0271385703506,178.68053033245917,464.54768263132587,noHand
345.4205334905246,199.3557416902392,365.37890379761814,177.7546807547989,319.38902380109784,177.88376574595307,388.9877780812162,196.10548781441221,279.6174277909683,199.6637573174264,461.1653233304919,328.5766636521539,202.6263021185385,311.5651509427786,495.3535278848563,480.9417288911034,142.09851340817556,459.77799094278896,493.5451616267239,465.1758293842812,177.01443399915252,466.9965563406241,noHand
344.4935243121011,198.60390569716608,364.8168443568525,177.01001929793182,319.11245922499586,176.90726684730666,387.071640147372,194.62776707838867,280.07773434478906,197.71348305575128,460.22075641649633,324.5152871606315,206.66247483211535,308.63722962675155,496.33196850369126,478.56233807898747,145.41268426606263,455.3466499221263,489.7469934259791,465.76640867753844,177.12335946219815,467.13882060561104,noHand
342.6994973840559,199.74167059224374,360.49810029009217,177.92102628706635,316.79852722535225,177.9679707164605,379.1468236787484,194.27801184835337,276.2673668738228,197.78742174639032,456.72624115301073,323.7530072132358,203.76034205477987,309.95672210751155,494.82256585324757,478.99991331898855,145.08223808419547,455.17750558651676,487.79759769063475,466.9814516297656,177.3283319437158,466.11994086117704,noHand
338.61355294878166,207.458455133954,356.2899201993769,184.1851693954759,312.61421444664524,184.76431034107418,374.41017982111845,196.5284052247063,271.7524836786183,199.4969637169471,452.1715775254394,323.9011959883027,199.1346041608108,315.45093280190866,489.4051159358323,478.41676444277385,142.91671038520164,461.3251049223039,485.3984198266671,464.1355723727458,184.69987944714163,467.8857314622811,noHand
328.94510245411675,213.61044705159568,350.31512335387765,190.20721629163154,305.2271990857454,190.77479485378075,371.836704426761,202.08449091077856,267.06680455611667,204.6353915528822,449.6073246376245,327.00963226717164,194.61607958966653,320.48801680170493,489.02823603572637,477.0421802689679,139.6917827868501,464.9642257037427,471.62076461188093,466.3668430953963,186.68656434230755,469.6092538707745,noHand
315.23942409123504,218.65477097831683,335.92413685763256,193.71047729520114,291.9013523072091,195.65485908664263,362.2426446203115,205.23745280013577,258.2049937013309,210.7257565389403,441.718438645593,328.2135046200591,187.39541241080107,324.7704553249021,483.61178717847474,476.04356248133536,134.016933251124,472.2850016339036,465.0979231563764,469.14310140035894,180.861195145613,465.8021199252909,noHand
308.64793351506546,217.15100229462817,329.91831768896543,193.1498675620308,283.5861696668011,194.48912068040508,358.2794764214269,205.6928492689216,250.92944603123829,211.8919710961099,433.70402794485085,322.5054956885387,186.00768834055404,325.5096530611662,473.9796464951502,472.1586005922042,130.52833764315966,473.7721052019597,451.5298951867658,468.6705118785653,175.80062221548874,466.07649319007703,noHand
292.31308311891854,217.51586876035282,314.8959665880849,193.05015506121003,268.9772839964014,194.62934301624904,345.6623586979677,206.84568567011766,237.7669540501785,211.66473412030902,423.51062245016726,318.6516581760796,179.3282873893043,327.07253523441454,475.9227237965601,467.29047888074837,131.32989642613379,472.64317216052467,383.32959697327965,472.02924467979716,226.23819201304963,468.2368000259223,noHand
275.20455858003425,216.67011139206173,297.5820849648758,191.10967135454902,249.57081345849332,194.565718054907,329.0441814033177,203.6325275196784,220.04153527078057,214.8780164568799,410.29238519691944,309.1031697169108,173.7219094990234,327.0783167522147,464.3419697982674,461.67280089992335,126.65614594253016,470.76588116252157,383.80837003532395,473.024732961441,194.00744626349837,467.91479973521945,noHand
260.4861770694573,219.558311115414,280.1978644612559,191.19608548569042,233.53043365505926,200.2375716501535,313.59521087403374,200.8731003611429,207.41389351109464,221.36609640593883,402.0142282167351,307.8048919601598,168.8175367189572,328.94686468067346,450.14583524627454,456.66323478153964,125.435293096875,472.50952028982664,377.1083074723671,473.3104159420822,195.46921200158945,467.07145878694723,noHand
245.60315491083784,222.61758262547778,264.3116747148698,195.04280083797678,218.87777167305373,204.5254200748033,299.08903162247185,204.2191014223813,197.4996796616985,224.9251507728508,388.15426830380153,302.574636796937,163.32386783411164,328.73349080233,449.5405290132456,456.50558906994763,111.42812977387216,471.8646246243126,385.31267817889506,470.6173173329888,186.90703192411476,467.3455952390981,noHand
239.47189301786725,228.6720498173095,260.56605396997173,197.81349417669364,215.01656352618838,207.87340585582436,295.10896275457947,204.72293858682613,192.71135400293102,225.1212173226684,389.8174848515191,305.73163930842867,159.02553117434832,332.88344543758274,456.58894791088665,464.1961291058825,113.62047032329015,472.8609603840374,369.979091045671,471.6144232502652,202.31679306637398,470.42444850812086,noHand
241.03563375897136,234.8356598632531,262.4985855547995,205.33062798383082,214.3621861090282,214.07824928845605,297.78084517206236,211.22077323170677,193.01428623715464,229.75048717129403,393.6024885741433,310.3543647778003,161.85653678280502,332.36039630425256,457.73736801741836,463.1598226003871,112.40897901029606,472.00638827857415,438.7967917603114,466.6134103004089,193.71683244577272,471.84078531818193,noHand
259.7747800627789,240.57176360824687,280.46029306565737,210.358236120121,232.06885283913357,218.56237410356232,315.08233326373227,216.26850482275555,203.0457113165852,234.39181559453098,402.6655381447174,316.9589400368989,170.1818793211075,332.078017371364,461.35115186426685,472.89124082289493,114.10367853615801,471.43789077967654,378.7013473445877,458.0420645112748,192.8577730295226,468.36115099208126,noHand
269.22824641453326,242.8841538311943,290.58447173232463,214.96666113853055,244.0679993583946,222.05707597130785,324.61577491226933,220.2332848468559,215.6601681953556,237.39853863057814,412.05280062190536,324.31886350643197,174.9444307169428,332.25752752713333,472.6414424514326,476.11741440018295,117.78072631648152,460.19407294671504,378.6375491642082,461.2231269512927,187.00273963211652,476.9133579595113,noHand
289.04230248771825,246.31663563741265,311.7554393173658,218.0152715317848,262.5567286721448,222.46019352186107,346.4520930798881,222.62495396309487,230.70785753785276,235.37919640328087,428.38170890534104,334.92695858762784,183.7508754485117,335.60560436121625,476.9457002138268,477.25266681723696,125.93039624589181,470.5914460175923,389.74341450840654,466.83634032908543,175.21281767621176,464.99673640500174,noHand
313.4771674956506,248.48167993945913,336.90773870394344,219.71237075590787,286.21047802856305,222.5915439119047,365.46248477079666,225.08379571292835,250.100043903592,234.70551645555636,442.2895092645743,340.25112293273213,198.23496913671025,329.29760120547195,481.9965692307445,480.44660447536194,132.06740858946503,470.20065493615476,469.86012959072525,469.28265078844913,181.6200041256792,463.4411320584264,noHand
329.9135970276746,243.41851531262228,352.79728271967934,217.39875087549697,304.45472063215976,218.74752311076807,380.2957033986104,224.75227938700056,267.5443166156769,232.0934680221516,452.7491544853538,342.8964910383247,211.89848267535527,325.8766254363071,483.27983063465643,486.0034547299568,136.5211340294419,459.86547829084117,474.117425844182,469.2862810688507,181.7913475188631,464.8384857321578,noHand
345.9497345693901,239.1958559860723,368.01292187156594,211.3941960415407,318.86745401470006,212.99215448554722,396.9746393457767,221.42148260097795,279.8978464433599,226.97290628796108,464.9427795424763,345.9280065630013,217.93498000574957,324.46478268968116,490.7222180232228,489.29783452380076,150.81382253199658,461.2467579404021,420.9299253279081,473.9240739396321,186.1423334874689,464.0073421785874,noHand
360.16546417208724,230.30852201753473,384.40820377040205,205.29890863998983,333.2345398799439,204.63335704399475,409.923441886686,218.96955109584385,290.9164356338267,219.74287437880753,472.97713268564485,347.1941769236386,223.3698784869905,317.9673087942314,494.0500562945908,489.61856088905165,160.6012479046895,468.81483418884494,419.4616985857109,475.66355256145044,189.3326391330672,465.34690436616484,noHand
366.0507359361707,220.4334671430851,389.32716102123334,195.87081847866708,339.1140621065281,195.34197941927292,415.0151128184798,213.47233821872425,299.5235278632588,212.1514525953577,478.68273920760913,345.91431594908306,226.117468069552,314.4761380092687,494.5029529413059,491.36262324476576,164.67348296605724,461.1051781134471,462.90930475540364,471.3585379319657,196.70592757383278,467.28365151597535,noHand
370.6693292046508,206.98299973422706,393.8393586889112,184.94972132369196,344.6788949925108,183.55567102439213,420.8805706983256,205.24017467742527,305.4776552760175,202.1414235876066,482.56871578399404,338.8708701910326,228.35085190682133,307.95912884915845,502.573264710335,492.81239564881605,166.26709330291177,461.1701113660526,463.22017621546877,470.79515186753827,192.15113163235048,466.8472099969337,noHand
370.20447556488654,196.72085531594215,392.33672607741926,175.45753847823383,344.0840211444664,173.9343055688343,418.88681402085916,194.8027023281439,304.890758021286,194.2092687946792,482.276080806295,331.15337028704505,227.63606502016944,304.2045942307284,506.94616781491516,491.73185972136383,166.16035438290788,461.132610803905,465.5392809498387,471.55939993191106,197.28640888233338,466.4367835954288,noHand
368.8441990867543,192.36653050387298,389.76567321621275,171.1765946079125,343.150335306754,169.07238972458683,415.72856615046635,191.48628587789443,302.00593761957265,188.85891394962889,479.1854710778766,328.0064506997027,223.41094704095286,304.5932853172548,505.7087852326154,490.126922066088,164.0920099948674,463.5457949696706,476.4364450649447,469.56595681345834,191.7220275680662,463.2182953568582,noHand
362.5262716630487,185.85512707115225,383.64947547987816,166.1971141643702,337.59827340689355,163.88273877660936,406.16199468694845,184.85469511565572,292.5490989987951,185.04130179625562,473.4229690783669,323.4990598955931,219.08663925694185,297.5663095373586,503.30774156076006,488.3244810697588,153.60028473071634,449.2488074095063,465.54531478490645,468.864717449795,186.9392486890195,463.48159067901446,noHand
341.3595525514572,178.024105369886,363.9896978682569,156.98225623916272,316.62566712484585,154.96832574850782,391.70432253124477,179.79607410886823,275.4308237372194,178.62180605568554,461.62845815003254,314.2806263148175,206.9553410223599,294.973718840812,499.13765046150667,485.7240499684407,152.5188767863041,458.0630231716229,433.6195069221303,468.3906604145609,184.46900376746828,466.47857361963815,noHand
330.109168718078,175.77058346069123,353.1682430151395,153.98489219544126,305.1314912096856,153.38200951017023,382.0988775466739,177.14240898052418,266.00708851112404,178.48819589174084,453.38111028676883,312.5505683584435,197.83122740270014,295.08834741482946,493.41626656917725,484.9044894331292,145.19978719593098,460.9574044915824,403.7911317474559,469.29666474882254,178.69747614039278,464.1659643171826,noHand
314.654154167708,173.62837621270486,337.9254286314069,151.98558252377822,290.21669305521635,151.49561806242158,368.986636352578,174.64303436817374,254.58702624216278,176.57593710195616,440.1517158325929,304.20359606367185,185.15754840437492,296.7034773998318,488.95785772000585,479.4120174024914,131.1390806741949,454.72324183311383,465.728298526688,467.9483278110079,163.82137260048975,464.86675657197947,noHand
303.6313263499245,169.52235103811788,326.2120271793816,149.03596749903048,277.8626720416985,148.57809645067903,358.2998031629202,176.78133084120284,241.90210012746846,176.52564987609276,430.43023987622416,301.3363876474437,175.67064062915847,297.55490535909547,476.5696184692154,474.8462759593377,130.3944892687397,459.3769742845735,392.76908623596404,458.9699716429379,148.660496688919,465.8749651766479,noHand
290.3419943233232,169.29258892972146,313.5170514670904,148.56992996457635,265.14642638676145,148.62228307679788,344.95152936610896,173.27342908897015,228.87752399061418,176.3454721584335,418.205151450531,293.5408958316788,167.75381046532112,298.7280615692925,474.50327479805264,466.27076656358247,135.56788468239682,463.83843816743774,391.6659248031655,446.34564356635497,144.38604710701097,466.71069430367265,noHand
271.9536951614303,172.56770102235788,293.81806491473174,150.96060697686514,247.5080666651425,150.87249822953876,325.2494967312066,170.91110172698987,215.37292015810272,174.6780293195782,404.6976250557844,291.1915122006397,160.84783309346176,300.0625815530782,462.5078275014863,462.35244680652386,118.7731024373373,461.8600593961651,379.06415214712064,457.72405950450775,136.28984693326592,465.89782840930786,noHand
265.645669156405,173.49805773937075,286.3253799049388,150.86990810645148,240.28943589185593,152.05533683229564,316.99939805871037,169.9305617973804,208.472663200361,176.93558778836,401.52575686338275,289.6409565179322,158.62488692017448,300.9946788461865,460.14097049898913,461.4884228679848,118.62698754429718,462.27503168018336,397.2538760756795,469.3511901578142,133.12567765361337,466.8192060247216,noHand
314.1666055120969,202.2649785047032,334.5254113969529,179.8082787087675,287.8887728932329,180.0321560421128,365.16691216537373,196.355582798622,254.22704146899343,200.60745256855162,443.1064339708536,314.2305392695802,188.74993059104423,317.91606835249314,564.6421894856977,418.81933593928306,139.3916674760373,469.21606861500265,562.6338643787126,246.6748785222568,169.62496154272498,465.54370517908876,oneHand
313.7234406668093,202.16883390178273,333.7275913594295,180.0567299681349,286.98141614132624,179.8109145408639,364.89055227878123,196.9177835766688,253.627578424573,200.90209074486611,443.2658560874034,313.5106449033176,186.8786665376032,318.83276552459705,558.9932232795577,417.64216929770004,139.7360386790891,468.69315941721175,564.5581144184326,244.89791998352587,169.20283533183982,466.15958614779817,oneHand
312.84776457306634,201.3575079958359,333.2244090151997,179.24962428828584,286.59414900509665,179.48187705938236,364.7608937579779,196.17055444950012,253.412716320876,200.95755738408485,442.17910348107887,313.6583197771504,189.14387273314335,317.70540027698013,564.8497264180161,415.96365508878284,139.91326461582904,464.88140683797144,563.8550893429898,246.41751770044382,173.07772567448123,467.5227955946821,oneHand
314.22001023428106,202.36202147710506,334.5409078588707,179.49874966787118,287.3172121299514,180.0433555674723,365.2311886320456,195.0152979894627,255.05913813828496,199.99067304989183,437.0311794750557,311.1721242728546,189.72585512650593,318.1269754579271,569.4587812289013,412.8689499487414,139.88339419264526,474.1236300214025,560.5993759002389,240.39815984178352,164.70987919629434,464.6865105554925,oneHand
320.1299462405534,205.83544564217112,339.9784626545676,181.97498796753172,293.76362623302055,181.3949976767861,366.7837666089983,194.7199776300945,258.07289713479634,197.79873117593635,434.15911283474026,308.41467847740773,189.75706681271473,317.8099998064264,557.8519891697636,409.4067725663916,137.5313251570161,478.0033056551906,538.4281849452929,232.41709016548873,178.7524198635577,468.1504034979836,oneHand
323.60144098016326,205.09494115394884,343.5136400043786,181.1181585160259,297.33893019353116,181.25416900892648,369.23914847577714,193.944495226927,261.5405232331052,197.5414758007335,429.81534871141594,304.54154821645983,193.0898228392746,315.1767372824978,553.5513501755422,405.56137213980736,140.6594527345822,477.5047241363627,518.3493843446056,224.25754886182318,180.55549220768984,466.25191129697686,oneHand
325.53350447111376,206.2016446546877,345.692916264219,182.4729219883926,299.188558618436,182.45198210050478,369.442404415056,195.04874209320408,264.12135692292287,199.78371270485206,431.01527732751777,305.27273386386315,194.09454438491667,313.6025124452309,545.2343491007535,405.1251556445511,139.7580714103928,478.3446204969077,503.4451210457372,215.29992000956616,182.74402595740816,464.4144239213389,oneHand
323.98932692370613,205.67697358172086,344.72539068366234,182.66283416194065,298.62846639424555,182.30476887294014,369.3020920457297,194.20570060145974,264.1814260422866,199.54371823904322,427.6728112052021,305.6078518217025,193.74658584526247,313.22059002691634,551.8853050190659,384.4621931675408,139.77223103578396,478.11864909011086,509.52464605238686,204.49893034573577,179.47392971548754,463.2794694268539,oneHand
318.57595675686116,202.27301021150603,339.0573189550289,180.11947853710976,293.8855049668412,179.36886731449854,365.05632863749923,193.77918558370897,260.39399441006316,198.27768123190296,424.13821426271335,300.19819133337467,192.3375118854076,314.67370553831284,553.9321308736369,377.268067951306,134.89032567363859,477.5625411814112,532.7806268893373,188.5621225484338,162.9012347596763,463.43300416612846,oneHand
309.849000884064,201.38279792743992,331.5027179727871,179.3538645218267,284.5615414080371,178.44183143647734,361.79853634551057,194.3816911199158,252.9118778483837,198.61383344015582,425.67765666682794,304.0525290966728,185.79463988269623,315.8207972518675,553.1932004750872,378.63011683287937,132.00184351647243,476.0669093881013,547.6762569682159,178.81821680962364,169.3262223615733,462.10170234924203,oneHand
299.64908097515803,200.81009685297505,321.63392975199224,178.04606852024392,273.1246435644447,177.51885275946864,351.79866685236084,193.53003682088502,242.9833978838157,197.29198862863024,423.1976638396912,302.152567597848,181.64307301170015,315.2313992263415,553.42994436962,384.22340756210184,133.2488476144532,476.5987730905896,550.2048055211399,213.36893662716824,171.60680552117077,463.4987465335779,oneHand
291.4696005168666,200.7888640748035,313.22208584803445,177.0418672762302,264.8436312425438,177.71196125465664,342.3898828262731,191.66692242262,235.05521448593757,196.71289502739847,420.0039756780013,305.2950669306177,176.346232398362,315.5180927319183,544.9048626503902,400.8637374697155,133.51969662426572,474.92545853775,553.8532621374129,232.11466571894613,162.04220585390075,464.70347826213623,oneHand
278.1441344212441,200.44578466310492,299.40674501052956,177.00129641573375,253.89135425386075,179.59089649892084,332.57996787558994,189.76795337200474,226.69945227139107,198.84330496256268,412.0794196182178,304.9089139787181,173.00600804099517,317.88433960801933,528.2975624270654,434.9807126398266,133.97649700286982,475.61991229181353,550.8154675242426,263.2275594959349,163.39701746419433,461.99401702639693,oneHand
271.0890031847956,203.09762508227158,291.04806024983054,177.42783342420415,244.56166912874875,181.30991269869162,325.80820191227536,187.95486594201944,220.11325834987946,200.20757815150122,400.4426551771892,303.84908224737507,168.65466697756335,318.4149360173371,511.0313867635201,452.7605665964884,131.94525294651237,475.3788969993384,533.0327651014268,287.9017536092287,164.31697874199412,464.2323056315813,oneHand
267.9390704684703,204.1235401803118,288.2615298349999,178.18520260850698,242.27671248503117,182.56506763038112,323.62491376386146,189.6311152851697,215.74161579837943,201.60375830411144,402.2214205234175,306.6168863348486,166.6000295313346,320.1690929444482,512.1303989749537,447.46362314469195,131.9683308230428,475.4859112172139,516.9194688054304,285.1352071571113,155.69958725025234,463.4383931258841,oneHand
267.35608964861075,208.08089157588512,287.2192678012772,179.36879329610048,241.04226909997482,186.10292826794256,324.22149584204476,189.74716801907735,216.05255224811668,206.17913981334942,406.7545687537538,306.13326832368824,166.36779964677416,321.5804932509048,513.7583159450988,450.79191473636587,132.78531559906176,476.57852608432495,507.14191579168835,276.7416450842481,166.10185266243076,462.21118079088205,oneHand
274.277004174084,209.36641822212266,295.6979565110391,181.7632028349227,247.55171357846172,186.29132032686394,329.9365584002317,191.92562110947102,221.42905822724083,203.07571148828805,407.28609268319474,302.82046510838944,170.2554319559201,320.5813632726089,515.6730513280963,436.52999890672714,132.87628601035252,477.088338417781,499.2913858506465,266.4401057327706,165.77398027874622,462.95186526409265,oneHand
284.985665100673,211.2207220765742,306.9069565055846,184.9038551387549,258.3657283974736,189.0582225361274,339.36674223020617,197.71173500093497,230.3513657101035,206.30736122714984,408.85603734887076,301.36158767724044,177.47688323727633,319.3815961275609,528.7703869310844,410.83363332785456,135.23831639215348,476.8873613183696,492.052182630876,244.0129733047278,246.78292238808785,304.25555265676167,oneHand
296.495588545223,213.12190955462214,317.71479187738174,187.77701607093184,270.30966260381183,190.9020052064043,348.6853706502891,198.93097891997908,241.4871395327107,207.34462960240003,411.07653961538324,303.11311263647366,184.11139213327687,319.89370438888017,523.6160635790803,405.89032112959245,134.25139473121848,478.37077014616904,487.51325057321964,235.176941286624,175.1188494074787,463.59315113598115,oneHand
311.01878458586094,213.3062417090628,331.09566908741726,189.59451099475433,284.9918579544554,189.7800086139883,356.99365181993323,199.14421125261464,252.24636679994097,203.40757914887786,415.87045194591127,303.97671206381443,187.51675556131391,319.3095841780447,515.5504067228671,407.2687462631973,131.79878877302224,479.98401676338244,481.3890693027256,230.03982366942503,164.03478257324696,463.0164835919187,oneHand
320.3491862295615,213.76258279652242,339.77369755924883,190.55694421067267,295.7638445307909,189.40791051969174,362.2374593243058,199.1283229157528,261.2710205956282,200.9667417839348,419.23156416851333,304.48332920560944,190.98374779854626,316.57548274217544,513.3346886821603,401.0852766446468,131.56844450266064,480.68559334334134,476.4785533059355,214.96896133104298,182.62839376660037,464.3721924278381,oneHand
331.6549482413968,213.368818476307,350.96156304705204,192.71051108727673,307.26611901457323,190.30998326676428,366.6612463291179,200.38739772418273,266.2986648287672,200.6785008663868,418.5610787604488,304.1553281670541,194.40886395875646,315.0386152461928,510.90242608132144,401.0384553627604,135.3841180749289,480.4246358184649,472.68000952373814,206.61578414642193,186.18290517875568,469.9911706701816,oneHand
334.3795539928954,215.02077481102327,352.5776622393019,193.04223528891845,309.7694599646418,190.9525649589715,368.15134857416024,200.22758759959282,267.5016337671834,199.9187778074157,418.45058183192515,303.1382666266981,197.06563180771974,314.09703561733954,534.1991740526727,372.3361072170406,135.2646010819368,479.689457890447,489.364661927198,204.1700686109028,186.22366065585825,468.19117572279004,oneHand
332.52713647538263,212.96672839070825,351.4594859559045,191.326083361133,307.6562264107529,188.94643010643478,367.1914682789053,200.13587917961613,265.7598555856044,199.83048106478444,415.1364912927012,303.0441247271608,196.17644751934404,314.8666086897495,535.5249775978859,378.49027067682414,137.43679189785803,479.21618822458083,519.4453344010722,193.57460929805902,183.67227209397208,468.9377565246755,oneHand
328.26152169155387,210.8295443495495,348.6552247274858,188.64932155493756,302.99905682359406,185.91004383111417,366.5347560613021,198.6935604829967,263.75984473405947,196.71540877346487,421.5083945910602,305.80478785922963,192.37571947401602,315.6104826947096,543.5037303167744,384.3467914151697,133.86955686797486,481.74840845590774,536.5647112771575,193.09267981484007,182.22215602233018,466.2264331802031,oneHand
319.2899209524543,213.688955167544,338.28135966777745,189.0873799642521,293.43866956208336,188.92243030590828,359.9936335478517,196.93633992288068,258.65182965871224,199.35068527035847,415.66692317977765,305.0301942386086,188.63408324981978,318.7378887315001,544.1239664978812,378.4870820553149,131.49669539629625,479.2952812922742,531.1477084858841,189.06564211861732,182.52232839414046,464.55664621701624,oneHand
312.9407285504736,211.87156477726438,331.5871803683227,188.1879716049388,286.54609463888255,187.47414414689155,355.92608624505226,197.67651025999766,252.4083496693082,201.33688046430686,412.8264228908001,307.0573894808365,186.4775022778524,319.45673951875773,529.9172126474125,400.2768474317155,132.45175827161222,479.6650906365226,518.5824075283107,203.4935900747138,173.41877574214726,461.5269581667131,oneHand
306.3605677265287,212.64934153069376,327.9408555428842,189.37160423079234,281.0318155666327,188.4548492612267,355.00903974502376,199.9408259374026,247.62622677069513,200.99216674535325,413.596822064353,306.3287301849807,185.59921796726914,319.07609934108706,519.519988628171,416.9482897527016,135.34697859738998,479.58258563767293,496.7412754678587,218.61507276284888,266.4296900892876,299.2438284086229,oneHand
296.5328506950828,208.55085727657863,317.9523491042894,184.78310456149893,270.36255326437384,185.32139812482316,347.9729672233736,198.83304505546226,239.69476468919552,201.8144505041262,407.88003292557596,302.8154647651364,180.42209652505434,317.49743338064906,517.0716503441008,412.3521159317112,138.04107869904357,477.42355943860235,486.1574684777687,234.91704492824175,205.91229515323812,465.0224632033419,oneHand
288.5029587195892,208.79775374623085,309.02825522338026,184.46070006567624,262.4741539905141,185.3147846551621,337.02160108338956,197.4661418083744,231.72597825226333,200.23836847550731,401.8069227616129,299.92866245403087,176.01749932820462,316.6967005210527,509.2452885161907,422.8764082792169,136.99052713497025,478.0331429258356,483.8968463438295,242.1811392519516,166.45497386395823,459.540100653112,oneHand
279.188761026544,204.44961691645537,300.30810303458884,180.7627339180139,254.54162739527888,182.8120716575145,332.9217537669681,196.13465866418116,225.64552135709596,200.79720762334608,400.31994740447396,301.13693197690054,171.35704786147818,317.57243337499943,507.1410269076198,425.21769242490325,135.2732547359714,477.67144038193453,479.1077854378826,257.20261655781843,162.88496611069974,460.97911687406753,oneHand
268.14493319814926,204.86344594726577,287.90352955452283,178.30895450497997,241.86567293854736,182.89701834392994,321.53995741490286,191.17094105475005,215.30429309352468,203.66987414254223,386.6224086683452,299.20507053824673,166.5082498294401,319.78772032512023,489.48386429688674,452.1794646946884,134.3368261058757,477.21296617835355,471.2322705412024,266.83674280900505,154.24650966684695,460.82455266220074,oneHand
264.84818848513845,202.19863614237806,284.15954503576074,177.83130604449443,240.409135733933,181.9940268467395,317.27776478621786,190.71019001311777,212.78355547086747,203.3109317290984,385.6751696373663,298.32012051678066,165.84117059330822,317.7167881129811,503.5840532279537,422.1253226662612,134.30910420533428,475.4938681830981,471.5472499260178,266.20468758898113,154.98122777127253,462.6208688352633,oneHand
262.2234814782976,202.28528008212064,281.4291499975926,177.32459163547367,236.14380905768886,182.46951145561832,313.9532411158651,188.89861796992096,209.4353723251682,202.7512581157578,383.9730539441266,298.5759543498508,163.78060526285523,318.4272731407519,497.7959890126547,443.80808341898705,134.47042305430344,476.08484011572625,477.41039868059875,268.8347769586339,162.558198303136,464.2335964305938,oneHand
263.84561016716714,202.34034560913318,282.8688955596812,177.24804118146147,237.28974490386645,182.55527537619702,314.5113643490254,189.17070047235305,209.9674781082479,203.40984965209262,397.23542123199263,298.2657408459938,161.60745346920913,319.44937085579204,501.472649613751,444.4815042929904,135.0780831573095,477.7590495617924,486.1080666675042,255.19866280065906,166.059069812693,467.0346347553265,oneHand
264.84561136504436,202.86715863051955,285.3402252944992,178.6522736800085,240.56412030749814,182.38077765741644,319.2345297689735,191.7036740374598,212.31639767904412,202.533552998427,397.115691989164,298.11134264535514,164.85432099636375,319.10169610684216,522.254420671225,407.25531183321147,133.03717964351878,475.8672222301702,497.25110851434454,230.22357624410023,153.6760180891888,462.11721709641125,oneHand
270.4801921905546,202.64624647459144,291.21092523465126,178.47346042409865,244.90289172344836,181.99046489107877,326.24138880106955,191.25609827940528,219.31135197554227,202.43471713103986,400.53793268093045,297.52107207186134,169.7498876214201,317.22095905239104,527.5499188947211,402.9653913363503,134.0937610990572,478.819076867476,507.45873503899656,212.28159170061662,164.33797024374508,460.32438243866386,oneHand
283.00951732041074,206.85809756373538,304.0053642881649,182.16490069056118,257.1863741781676,185.0052826049634,336.7076767469214,194.52245702250684,228.93714215826307,202.28886188726426,400.11538832366176,298.33136212072367,175.78583645349988,317.8323652567886,536.9597256773271,384.62724465356706,134.4421655152482,478.9758928471076,515.2883243729194,194.68872475806256,243.30468134693876,301.84674195015134,oneHand
295.179582508161,206.47804999369296,316.8060112893699,182.20859011246893,269.2511012173553,183.6210317373085,348.97387328433865,195.5092888745799,240.11846019682807,201.6749446941561,409.96245639786764,302.15064892376034,180.08076971163024,318.1587258378131,529.3577268222914,381.6253425070927,133.747377869506,479.8750532852435,520.028558980829,188.04097065915627,253.569183523378,299.4002292142503,oneHand
309.0460691767004,208.57024525105768,329.49424757440397,185.49221944397212,283.578101716783,184.32595085933536,356.074475464372,197.64102981216337,250.39846454418517,200.72508566316964,411.7111058733569,302.18049767239955,186.0103658026507,317.9839377995136,525.3750972199716,382.2417390936535,133.51342952844834,480.18596590186183,511.7665215846761,181.25818252311277,172.63026137460943,462.0264347653256,oneHand
316.10575198425084,210.46833775706037,335.8670912157651,187.11704136186373,292.02259625172957,185.75477692311716,360.65143408604166,197.53002905819844,259.24392184143375,198.10482548099682,414.7792287412747,301.9256969114757,188.07539317774672,318.29019572914035,514.4097998367474,375.47137427787567,135.17100755473058,479.04203404509013,500.2581846695681,183.25313890955655,173.3659690850102,464.0207138398137,oneHand
323.67361308510806,209.25094700401212,344.9322215814305,186.58348721097803,299.66204288189545,185.3302681289083,366.9858653550313,200.04458464963062,263.7514679611835,200.03487923271706,420.2776526090247,302.53027545710427,196.7195198491824,312.1038632216114,500.26388481062065,395.10758475426513,135.9882562812016,478.1321235313028,486.8842382118124,184.00866457688372,170.74590997548194,462.4071407555387,oneHand
324.6950236156473,207.89094777282995,345.83665602668424,186.34091775397275,300.6472137015792,184.6088108571504,368.20098289847436,199.7135422848125,265.18101564239583,199.57795965690391,422.24636533095145,302.36025221374194,195.3055776709687,312.8413762486754,522.6711557866485,395.7977165521083,137.05046101032818,477.8445881751391,492.6442134391874,186.36896094683772,171.4799546464711,462.8597809491664,oneHand
320.59191632581076,210.31084077216678,340.3784882929143,188.90859465644246,296.5727463039729,186.6167900112728,362.833412623055,199.50504836964834,263.0354176179385,197.81207253480062,420.18082394606995,302.79948346448134,193.83101178934058,313.7463068346927,534.5089816359517,382.87748964432205,134.59008063280555,478.3996872889551,505.1894198959937,198.43853053476346,173.36868145103216,464.16985170942945,oneHand
311.420281158203,208.92718874901286,330.64183324863455,186.25882533981513,285.8466735948273,184.56520387378788,356.4709204164131,197.33551130549213,253.53393045066696,199.51043531708783,420.28630058188753,304.84486934812173,191.15569689934017,316.08782459127207,537.9844614636402,403.57104972880853,133.12206126973553,480.05771889315577,518.8189474949504,200.41508696328953,173.6789504251002,461.65696840878684,oneHand
305.5045840484992,205.85913987317758,326.48605910439574,183.8149191569505,280.3355948661223,183.0048361653534,356.8761714914161,198.50211407412792,248.08412761113655,200.3907946117696,421.8517820413945,305.274419271186,186.26975574574115,317.631021887568,539.6344705661731,401.898551797514,134.46539898498514,480.1548928694525,523.2698713697888,203.6788253390443,174.9486830040104,463.7214137476801,oneHand
292.25831386488545,204.45790275846073,315.4615269126288,181.0442040451477,267.65159094430777,181.1140100564864,347.1186778258891,197.47266542139454,237.84562267369046,200.15770154303937,412.2745132455834,304.94325616226297,179.86914039956847,315.34551675121764,545.9444617816235,404.90109518824215,132.2278300987916,478.71437574994576,530.7584040960262,212.26640594422446,176.26282940578037,466.32382562221323,oneHand
277.5016517084864,201.7070730744555,299.1006372691766,178.47394981274834,253.59013729402324,181.0419352542319,333.07787647351546,191.8551714854677,226.5527947677959,200.50375214615775,406.6822082328364,301.1225372581629,174.76257441055287,314.9365965473965,529.3333683023664,411.0652710183392,131.20312797941622,477.96917338800233,527.2898785120017,226.28647294719403,163.61020300600669,466.5286672019625,oneHand
271.1095306639388,202.26017334489137,291.5958967151274,177.92480759878416,245.68615774972295,182.085336404801,325.3952441730007,189.26143967641718,219.07844259117692,200.9599896547409,401.9092518299016,298.4147932823728,169.19078719398647,317.50224225360347,522.4736855927473,418.0568836139191,132.19782094659186,476.46494994828834,512.7771572917798,224.0166488607185,241.00260166401375,299.7754992973487,oneHand
266.58527459172126,201.69455552368314,286.97767298987765,178.08252984195855,241.435618642301,182.23183414873577,320.1122884265266,190.2233237183919,213.94413909295787,202.58994185404893,398.47781722586603,295.047658983652,166.73267125934296,319.1312803010733,516.5073978114104,417.0309159739447,131.93860830060078,476.07456521401497,499.4489544971516,225.86987185427304,152.02968307998202,461.5837388703171,oneHand
314.92899104006347,220.32605575154042,335.38296076761645,195.4920025927735,291.5336030538335,197.98194076254777,361.9988147460304,207.49415380393495,259.54499280385886,212.29660375044082,434.4433813150787,322.35958321071723,203.043634550023,315.91822882091753,481.10994052639484,471.97021570912614,88.56256533284909,372.1965741354462,462.4253738186391,469.4457378129481,128.9223894002078,209.57410826517847,oneHand
309.46279741748356,218.90423439311968,329.63532215954524,195.33260011849572,285.56313998367636,198.14865051307876,357.5774313201049,205.733595212494,256.636154431889,214.16598158033344,431.8643360985966,319.8709858228232,201.60727623990203,316.1116854450041,485.589719756572,469.9133115223458,92.14864954002208,377.1038621623492,457.78228097257283,470.53348134565107,136.25097364660363,211.628969010022,oneHand
310.1359641453721,218.97873726868147,329.92846411787895,194.53341168197636,285.0307928364782,198.49329645710648,358.1838434268167,205.0045258362961,255.94746254672773,214.9944893245402,432.0982035580655,319.8222083271821,199.9243782972366,316.4448668762143,484.2286676062983,470.06130885950455,87.73336105513658,377.42475295339017,453.0295381934318,471.45830507813287,132.50346816031592,213.03195719472822,oneHand
311.16961061059135,219.23301876163194,331.4067200542164,194.62306376300123,286.40974385067517,198.2385220830789,358.760791166115,205.5194752327639,257.4085582192996,214.24193946194558,432.2398888107802,320.5832387538256,205.98217867425294,312.53326779239137,484.47435951447204,472.8027103205538,82.65734107235495,367.93323776777333,458.7432586388088,471.3458225645379,120.57921914120575,216.13921935567836,oneHand
317.42733454756086,218.96414956141896,337.3163670090481,194.99919168689425,293.5729467942203,197.70622308057781,363.2528672158674,206.82344410029611,262.1673188857717,214.00334112547776,437.0349716851591,324.2918582369779,205.77951198636998,317.6247888156413,485.6480572345894,474.3882584537853,73.29885431241051,358.825546886268,468.90243798201374,470.06583930588994,106.14920665538264,205.81407907390061,oneHand
329.4127184938514,219.4361636574751,350.04864440837207,195.86915423173556,305.7188457506532,197.42750418299153,372.94621663825683,208.20357909031722,270.02667898285944,210.46675288600784,441.7621451776705,325.5860209530796,209.1391092588537,314.5806655812473,488.1842625740803,475.8417558733514,69.2249755747024,361.1157923133298,480.5239524052718,469.63116973197316,100.74583831386066,201.07062644311293,oneHand
343.0443903781089,220.41586594850628,361.96287624821275,197.00414659486057,319.7849385438102,198.29537219818525,382.00419414300757,209.61017720690833,282.42331911008387,211.30116151441499,451.96245504189534,326.9481494465302,214.5272224782845,312.7689083066201,487.703839842115,478.584758116433,81.98747325758615,370.78233023338805,478.6678666148265,462.3686851636141,104.5578500821584,232.98191108144368,oneHand
349.616115148262,221.63257464512157,369.24934065138126,198.18456675127456,325.6974447148877,198.63062547680443,391.1180878217557,211.62911944942394,290.2769724999735,212.47909038650698,454.2044423844047,327.55591043532786,225.255236583921,308.2506357043469,487.5334722975745,478.66516881785344,95.76956250340626,390.2075409657655,479.21377410818354,461.55085640895425,116.09155784407207,238.58454314105762,oneHand
353.1968196050488,222.2031711988566,374.98742951283356,199.03902698795298,329.6860438509089,198.2639980330331,396.7888079958342,214.8136907516945,294.11446544822303,212.43570676746936,457.65849186270873,327.6868287779093,224.40591143460142,309.94467067780795,485.71615823993443,479.39120025723827,105.03002087476558,402.06982502472437,475.0049429496243,456.4909426496524,126.99693612050658,249.20105584809284,oneHand
352.26435216925745,222.21827312720774,374.2206012176669,199.03213163696117,328.4076936605072,198.78474191702395,397.49660002387577,214.23898577612576,292.416315738887,214.45480204943817,456.3863647763544,327.6707322215701,226.0246286180456,311.2430764485111,487.020761879638,480.0322291573787,121.08596092386324,432.4661454388344,480.0690317275457,453.3505986832229,131.50120974003738,265.61007595223543,oneHand
349.006090128521,222.37078500851607,369.7003001943185,199.27255962248165,325.6042935762106,199.46782514981186,391.53928377801503,213.07923915769746,289.025104606826,212.93330074220083,451.5322097126997,324.6647086991755,226.77753020962857,310.5786060271754,486.69404857298116,479.23447611713027,112.30490174980018,422.8188490549983,479.03112043671825,459.0720626243764,132.10572792554973,270.61165741955324,oneHand
331.95855820231003,220.60555082560222,351.9561401831893,197.81693731488727,308.0299875369781,199.0384988632521,376.0111778674372,211.12905040729555,273.84879113245,213.43558539183215,446.4150992165659,323.8587048468358,218.1231523876324,314.2785632529489,488.43093294319897,476.78085395593143,132.3825119984561,457.9173029043464,478.19722039433367,461.96267731268165,112.12731046164997,266.35252478221145,oneHand
320.22574939713195,221.29182827794736,340.9990126558063,198.07553119941272,296.8969435448974,199.29788646533498,368.5575853555377,210.3590607219679,266.4879505099174,214.246099192672,441.4518777251128,322.9456762465267,216.17423885926388,314.0806286208278,487.35479690902986,475.8592511344672,87.33648232768232,413.6249594328174,467.1743540227555,465.1063779797126,100.44699218390072,259.8305344173785,oneHand
311.8420223998636,219.33341157023287,332.9787546869277,194.78112861765248,287.463469335081,197.93573786020613,362.6980408340578,205.91682225815535,258.4164728938567,214.23249262751284,437.84249389867534,322.5184956086077,205.88447362691988,314.1473513500215,484.1328893154258,475.9500921263012,69.58092767189325,400.5960920674711,461.79938047844524,466.40845910385485,88.70535356158817,259.7249418382913,oneHand
306.3833421552142,219.97818789593305,327.6874451018524,195.14851467165713,281.23425660068114,198.30423562511518,358.1913037049828,205.66478831548045,250.9941263764784,215.0281459668512,432.8202355517771,320.8890055311247,197.30645987084344,319.16272761944293,483.4475113808438,470.7158379416453,58.254882635304284,390.4311113946764,452.39058579958805,464.69950110245856,85.66069373745954,241.8676601337516,oneHand
299.5560886267507,220.11933803045835,323.67780989826593,194.7010809246739,274.21604351919643,197.13598655505444,356.9557777993668,207.5317463035449,243.86087923974964,214.84061027675773,426.91776554977486,318.50888430345645,191.19917134404068,319.26674496794453,483.2454000653471,471.3142944913688,46.28387837185084,378.5515236523253,447.42281286152956,469.9188296961735,79.94111130138332,214.49985847330072,oneHand
294.73131405443763,215.84143550278046,317.853556758781,191.82216684977593,269.29066102824896,195.9836717980967,353.924600284594,205.05685018634992,241.74521038567352,214.92126765337287,425.4941258213246,316.868974126746,189.9597292545188,317.71304889186695,483.0918470558298,465.8139815068119,51.49443632203146,361.1930498870042,449.63879473187376,470.0659236182448,78.23582544661024,198.76967870294592,oneHand
294.49328704475994,215.56718746039016,316.790471949389,190.68617229601324,269.1013440050745,195.22288385815608,351.0838906520332,201.9794770990388,241.74321602197156,212.4006726563939,424.6269626739434,316.1388585526663,191.36226539285218,313.74952546559217,482.7065931385209,466.62108945584293,54.43626181213838,352.9033918618307,451.61491545661676,470.1890937735853,87.28812407582984,202.19844594320162,oneHand
301.38434443929225,214.27313369507516,322.3752564055969,186.80735730629485,273.8353834879216,192.36341306850892,356.3130222235036,199.09330508357178,244.7487029626381,208.83950665941904,427.0410725611999,316.48780023626944,202.2583750566369,308.0622462746571,483.09965224049904,469.89518852916075,68.60695633211444,364.69525542404375,455.8289905693585,467.7064520924191,99.35758244014846,199.24694709755872,oneHand
309.83780154431287,214.36164468017597,329.61105007700434,189.2084384746784,283.6842991544742,193.18539342150947,359.0853642427098,199.84887120135207,253.84425800611143,209.6694296557158,434.9025516185769,319.41518896878665,202.1044115088702,309.06638839476307,485.105023663455,474.3341774977909,94.84839028677918,378.8716633950574,456.1255685974769,469.1138892938393,119.14231348945631,219.8930182867927,oneHand
320.5941016732234,213.2871293412481,340.70196114728475,188.4544690200094,295.84182719646935,191.56466766635498,366.8273533624629,199.39830357049692,262.84292524657934,205.72033295861806,442.0192706478187,316.7689678245387,202.62823174841472,309.67110047376735,489.6478354580712,475.5552536503824,98.77158891495145,385.009515227673,474.18135097469957,466.36255397112257,130.57094526643115,218.26992783291428,oneHand
333.43336548826784,212.37395228700814,353.6053553754392,189.98502673067026,310.51858065699105,192.8935123695796,375.5429726577105,201.21494102393174,276.2409105680889,206.38125927568618,450.22851717410913,318.75436847341535,213.55857296766672,305.5913634590012,492.8827105331486,475.9833014375268,97.95705334229709,379.96607814871976,483.45063520088985,461.64179856625697,127.72431518304481,217.70430105463868,oneHand
347.6902633026849,215.47434442338732,368.0282074477889,192.42539954413618,324.1915020807122,194.12382520745948,389.7821356854847,204.3775004676649,287.0692352106767,206.80851104934638,458.3946906824234,323.49423258995995,218.4621867063511,306.4383637052243,491.08337652082514,478.2366647589796,90.67609931918659,380.89459285145676,480.56644738427457,456.6843413904604,112.73671124061339,234.59321790743877,oneHand
358.5690797466019,216.32158668779428,379.5620917876902,193.46918903735818,333.9059917414862,194.4533039490134,402.94217288268754,207.6588327104368,296.3156735912943,208.0751920435763,465.68848021103696,327.9186200433803,229.12383786671205,304.82706663188765,489.72379139205776,479.49912252087233,91.0778838128667,387.1568515639468,482.1416162986665,457.7671692788868,104.61722978267852,239.43078633519542,oneHand
361.5733996703338,217.7963858567797,382.679468557952,194.43221661460245,336.5619381489753,194.42074460047687,405.6996895250609,209.83198218612378,299.2462875786742,207.95692114681444,467.4509411995695,330.466413730912,233.4268720272942,305.1103951191775,487.63348110862194,478.2734952571428,101.48358484326477,402.5361194479566,480.78887519333557,457.6696146682756,113.41733805975609,246.6778962322564,oneHand
360.34504912772195,217.77466631432603,382.06483608310657,194.87543877616255,335.86832761029757,194.24709807399336,404.69426924435396,210.93270732029927,298.74770013482424,207.9887172247356,466.7529794662278,329.59823232604606,232.4465128139479,306.9068303985671,487.5430335578679,479.26936012255305,118.69555557060457,417.4364419612856,483.43412815758944,461.151689460205,127.68476234364303,254.08880407504532,oneHand
352.8023264432677,219.8017950013931,374.76052035726605,196.51335978567568,329.88055960166673,196.88472602062174,396.4381424810746,211.24447973648847,294.870135948634,210.0338968374562,457.22890370791225,326.6702481486437,225.87969494130095,305.30624548992057,486.3178580970872,479.2905626188493,119.93606451950569,437.6808053445158,477.14736683306563,454.32492697773193,133.36861735495472,267.732998415793,oneHand
341.27250566887744,218.10422727635694,359.6652109860508,196.15655983044553,318.6497294592467,197.63602579777756,378.87164120262184,209.66757551914,285.4039272071266,211.4704494397608,449.6524007782376,323.07458420977036,225.34690565549784,305.46028715310223,485.16758568729233,478.5626299971135,120.40313597978867,437.03217036365373,476.67030094523,455.6291369442726,139.15087429270284,266.7007750611805,oneHand
325.77343614208576,217.15942443725444,346.9990586304599,193.7340915589694,301.43357404703,195.4508950290578,370.709356444143,205.9720959140244,270.2233173602536,208.7740396355352,443.8264391004334,320.87554809768324,209.26275984749861,313.2105395768762,486.8917497411042,478.50128958332766,123.62161465707153,436.81014489322547,477.1558694027221,462.40536124600374,133.05961184232575,267.3726416168993,oneHand
310.0619600059461,218.14762519651737,331.12433315220346,193.93561657851149,286.4193054529168,196.61314545466357,361.63509077271107,204.9543601858041,259.7339830875229,211.51711854590602,436.2103800894412,321.64903501879155,206.61460884115377,310.96582919524604,481.7002839224559,475.8171116600582,101.8297516639816,407.3263935124909,460.2320447933931,463.3221320755565,124.53083910965725,261.0063657350699,oneHand
298.47777662586776,219.08974887024127,321.7493585188009,193.55227377353603,273.87388591100313,197.42579946928723,357.03294363569967,203.55785027010262,247.82482426296664,212.2124524934503,429.76758526762836,319.2502704361846,195.85965806126433,318.44004896853045,483.9954080715996,474.7728102412931,96.74944656594576,393.2427486146174,446.9504430975664,468.2897079909596,128.49518123854338,238.37338852536664,oneHand
289.10897528361727,218.3577067853552,311.96702051523283,192.29187169524573,265.29390133800376,198.89079666077515,348.44830180036706,202.09918833499611,240.89798680959703,215.32240161244107,424.0357449289421,317.27491294080767,190.19311914715195,316.57323423362254,481.22213553271854,466.0518042749084,84.81293260251024,375.69085745737755,454.5543950357035,462.40608046294807,126.58137370388457,203.50074849163616,oneHand
287.77858090121475,216.4406405980064,310.7270255007995,190.34882995625594,264.21278734353285,197.61488541988632,346.2422837640379,199.33708078427927,239.32199605076653,212.23591339240778,418.79658152805865,313.32284018796133,193.4230142164618,313.34947243031064,478.6163532328119,466.4866256326729,54.286565837710405,345.30580100571007,455.69376136294954,466.2194652829308,115.88171672917171,188.32446001436108,oneHand
290.5938775555701,214.7866369615839,312.4124812261233,189.42108206749182,266.24343471356246,195.1526847126406,344.7653984239337,198.6065382657379,239.25608782894702,209.17712436653912,417.8412139293391,311.67303245678016,189.08196179781964,310.4747248017209,476.5947998811162,463.26589539201683,47.41240371909362,349.3812104198306,450.9281073996956,466.349927529692,95.09984993681277,196.92195018791043,oneHand
294.9936311014618,211.55282464693255,317.5011520820127,185.48341765161163,268.5814935836117,191.27988099154382,352.62646053267645,198.1796515527575,240.4923045731099,207.55865302915157,421.9698702593866,313.6512869177605,189.47769544950557,309.5830797795141,479.1110670015156,463.7557602123969,45.737804295754756,352.1950644765373,456.4919536065338,471.0620381256214,87.13594904029165,198.2117317712119,oneHand
304.92555614030505,205.8974515719584,325.8439792356856,181.90073535044667,278.5054139574718,185.0499872848576,358.2326323391931,197.15557855817855,246.9151885445558,202.11994297116968,427.86279725202854,315.4043370757393,189.78437546397032,308.39508811176967,483.03569166442736,468.77121388289686,45.949453582985015,362.41421174978944,455.1008588782693,468.7117613145318,82.17436294114435,198.27829528219976,oneHand
313.15759636416607,205.84080706370312,333.4859204683512,182.19560886279461,288.1735623135341,184.06789275335447,363.86374488521875,196.52922412969414,257.27457691208366,203.1216390990767,435.35153983590624,317.12558734841133,191.40494063347882,310.5286454729999,485.74258926770096,475.3709605370012,50.210942427322756,373.5238247081151,462.50924360689345,465.5244466673863,85.13465891236017,210.21375431579537,oneHand
323.43921900218277,205.47471861390005,343.9696420978215,182.57107983174907,298.7324828585456,183.7738231143794,370.70107910096687,196.36793561615107,265.2630609850937,200.9292950644142,442.6116264265215,316.14783842429415,203.56196086168245,308.4356822968305,490.8493473020445,477.55423210484116,69.55700149968676,389.19605029618,476.08338585999206,459.4527225044966,96.0071367534053,234.9282878063087,oneHand
332.675585808824,208.84437817839054,350.84649958728073,185.16088814685392,308.4920545038135,187.82275999559667,372.0301568813371,195.92234461573662,273.6806177366755,199.54570452757588,449.65885216095455,317.5663973827257,218.1162835078506,307.5609086636239,491.19238277425643,476.76998779396155,88.12195496288166,398.06660014736974,477.20864604305,451.45308704870473,108.28170927305507,241.84237229044425,oneHand
342.53931890763226,211.43348197002805,362.155509064591,187.62756507106863,318.6635050352806,189.39979254829345,383.752466411476,201.35998247190116,283.2672943162327,203.3404744985554,456.23086044783486,316.85449600229947,227.2573624431368,306.0441923725632,496.8211732094247,476.1422708774448,123.4629589599132,418.58383132308035,483.29628719378314,453.7326809503635,121.01183846225332,255.19608048351446,oneHand
352.9611232113434,214.0446806787571,373.2068438639452,190.68241723051477,329.35060070130305,191.94748076970427,393.7429226646298,203.08279202590865,293.94012531466575,204.38456695135324,461.3788139029267,318.7859967999581,228.70917525615988,305.5296872881343,495.5195385543508,475.8817584617395,129.70816165641077,435.66799373461174,475.4415646044249,453.7904928675285,133.45460939688388,266.901959095282,oneHand
357.4357666100943,215.45449826395145,379.1635800764305,193.20422655555888,334.10367957860814,192.8527058125635,402.570576348998,207.3518273594197,297.5820047511541,204.68132111534482,464.7427034691734,324.02126623036247,228.12071276279838,303.4085005067703,495.6108037039459,476.61682449244523,124.82019405884587,431.9277671039733,475.18089965246565,452.6459880696563,139.3104718203028,266.56588333907473,oneHand
357.1499949791362,217.0441855808498,378.6572925421023,195.37998519924622,334.1306071384845,194.21838138445594,399.24399020475437,209.9119792590401,296.91940482653547,205.15726658422966,461.3951548924518,323.26668736237355,226.91419562574572,303.9866060918552,491.08864927718486,478.1210243704264,120.7398037831739,427.8111113121257,480.578033910753,453.1324704376841,138.09672853240346,266.0906918879071,oneHand
350.80861596860916,217.96208040186286,372.16116522397016,195.6151117544508,329.84924634041,195.76997305576023,390.45924507748873,208.95438823660726,294.8355918295485,205.36928125172315,453.53247319456887,323.1718627717793,225.77622429047375,302.1991647899725,488.14643516364066,477.94026805332766,123.93278786146428,418.97915095125995,480.6070057822966,452.17053784419306,134.01073179938803,266.6319120257381,oneHand
343.7109225670045,219.24714072102654,363.2918461906231,197.21743850689165,321.7553760975633,197.25887805823945,382.1620934753151,208.79277153363856,285.3847319751176,206.52801469089854,446.4792516513646,321.93447340279374,215.00968639541594,308.07085303592106,487.974971762202,476.96797250576594,116.32571224815956,401.35346128524816,480.2038742107218,459.8960320887594,138.74759458512713,229.92916705692988,oneHand
331.1596508256397,220.30380977589763,351.2857883770898,197.84969217195237,310.11841114441097,198.07283089748248,371.189391693737,208.92978228971788,274.56031552267564,205.802086125992,438.27336664560744,323.1922816754556,207.56000463534048,312.15561178656304,482.6989114483667,475.15686302757535,99.94168729557208,384.5072741981654,475.5529824419675,459.210151366369,137.03812163212902,218.70181722911033,oneHand
316.980887249612,221.42951739528561,338.2282080496356,197.5886109944548,294.9876033162844,198.06212446341223,365.83180231141785,207.22988486481918,263.82800585613376,206.5986890464866,432.1658712091817,322.2450790421927,203.14558168202984,310.9146541171219,483.2251354186428,475.90185152377165,99.62915421035619,382.45395055832347,465.90685023391416,460.0312589451803,118.10988682405183,235.73870735343232,oneHand
308.57120874061104,219.53288293286687,329.68075566962506,194.63293784800848,284.44998972034944,197.65150838618777,360.2781289811719,203.89205355025018,256.26605811173926,210.48221192299908,429.21819709064715,321.62479014070834,204.24344478712175,310.1877228793427,484.0494437950165,475.3071746045611,72.63963746397708,369.6530816962048,457.8767928147665,464.4174146688408,99.69864203785166,216.98813415488655,oneHand
306.293342804749,220.44380520380437,328.60352085465036,194.67123497894988,281.72817170677445,197.05292279181015,359.2268803288225,203.74774889390676,252.0707621401254,209.78312379304407,429.0355382009645,321.2470696647676,195.9220262604655,316.7761721046801,484.4942070963251,474.5922525762457,63.97838780475275,369.70695784535513,459.58028506120746,463.7991739765314,88.67476447809929,205.61003822392576,oneHand
303.8897581264446,220.33311973105484,326.79378466246027,193.57441117377493,278.98209721471073,196.91771086474833,358.25954259996,202.64019653215794,248.60905497798998,209.62718985825526,428.20835511766086,321.16555100499215,190.38674826564153,316.06980127600525,483.5803429216885,470.1047510554217,54.65796482051138,368.823112961434,458.0200721123105,469.0422477189807,85.29634720841275,200.65898579456726,oneHand
313.98707827497856,228.75643536910243,334.00388528661847,205.9322230832902,290.0054476725528,206.63508958982746,360.255066152485,214.27373753685322,257.0381425781316,218.16119511700668,425.0768869406804,320.58940208252614,209.06470657903628,317.18130364157406,551.831217148649,397.87043247229735,66.93327668777212,398.91639819511244,510.6222431446703,230.85958961558055,87.47149640668289,258.2413090357923,twoHand
313.94418511732107,229.51735965372873,334.0320606885108,206.60085473877376,290.31407467367137,207.83288113631968,360.2526405847771,214.1930953745211,257.5418997534539,218.439577908383,424.31564184275345,319.9118419561381,209.78490698412512,317.02296311555637,550.4089241421503,395.5365725542417,67.34541441341811,399.6485474749427,510.9938481706169,229.68590459818802,87.67567106353836,256.607847449354,twoHand
313.6073803594099,229.52598750113663,333.74952897262517,206.55883940080844,289.66181472331465,207.54460113736053,360.05646719481206,214.18483345496745,256.4355021789607,217.79597213557363,424.1940152256149,319.3024158700513,207.8105149621264,316.7811719975842,552.4986931390182,397.21698892936774,61.811614836264,399.57704818532574,511.2933132787438,229.3067891960066,86.89005603043553,259.53177205239547,twoHand
313.92467277534166,228.57492508665266,333.92547118067176,205.83584605225604,290.29172346106424,206.83399529443378,360.0994594609523,213.8517619078664,256.89193727858003,218.3232645165237,423.90600675147346,319.05223733828456,209.02990715141988,318.8503243703885,549.0697533708553,399.5484097522488,64.89253216171348,400.29042958019323,512.1859829162152,230.16933227598255,86.82047798678893,260.0695141713845,twoHand
314.3712389110816,230.3358282575828,335.4229294729732,207.99230117173659,291.0809581739146,207.30489018083932,361.9287531196428,216.17212823009686,256.95493411960615,217.3213361287064,424.9075466055309,319.91193430712747,206.5145080560374,317.87825026747055,543.6591538564246,400.7614787824268,64.4462970979765,399.3203999560349,509.1868831304705,237.03766520131734,87.58107675061737,260.0117349033466,twoHand
318.0737564283409,228.8716215498928,339.0398043635599,207.5741958308705,293.74714503016776,206.2753457383311,364.5699065197351,216.51370196308915,260.69529666174947,218.1478374484046,423.8148188651585,319.8316398558326,203.88357303535147,320.3163178661101,539.6575401079779,404.5212276221757,62.00815171517305,398.72917866385205,492.2851143329683,232.79555919499805,85.04937217562062,248.4842521530432,twoHand
327.0312934454204,228.68978538967409,349.34879825657873,207.1179957424059,303.61572981475496,206.12274618992885,370.12907378692864,215.81271709176727,265.8189327451862,216.6171783491318,420.7259590726698,317.0980972983907,204.3219260480344,321.7653844594802,533.6710996515076,405.603061900862,59.73382594413694,397.8206981107065,480.75456517679663,236.98454156363672,70.99839855056297,255.71375477644972,twoHand
332.619541950665,229.29237207492568,354.01495095343563,206.58816162966102,308.0084763889624,205.852779745462,374.3844226800366,215.79968610316192,268.9965945816193,216.73166849872013,422.4253624440297,317.2301626788023,210.07336593738984,321.9391264480866,534.22775671371,406.0391240969325,67.7245449435978,398.6907857589851,474.98577153001867,239.1788330106085,71.38464964052926,255.00179248812177,twoHand
332.5566652414616,230.93984694285365,354.2718164366464,207.8462346078271,308.7301972087953,207.98534398085047,374.89591145879626,214.9641721802884,270.64039687166695,217.12317272336665,422.20506719176086,314.6420937900727,212.76692917140153,318.170189557862,537.1426403389385,399.5898018195883,68.38632030358671,393.15085471097876,483.41332900529835,232.57189727009094,85.75518512651597,250.4562610508496,twoHand
329.8086684520597,232.21319956024146,352.00581950456933,209.40824425701325,306.1155201552607,208.58747431270075,374.2823458007905,218.36825005964394,268.9291494309192,217.78206913622518,424.051909829568,320.4333019824211,211.003197558594,319.4116240290187,541.0336647253984,399.9531802535614,69.77308474493584,389.3288628058399,493.16571374300145,229.01039868332026,96.50932598161448,239.94551027507234,twoHand
318.421283318778,233.2387755079856,341.94350422540265,209.24063737593434,295.23018120611283,208.744507384566,369.46427101517094,217.1515875899468,263.2746500025936,217.32674968842818,426.4582866673797,321.0879387229328,204.35099029911112,320.8043741866475,551.6847643272536,395.39155750324494,76.29028738132585,383.32045444376865,520.747974400059,213.6304186040379,122.01550560183736,240.82268937355263,twoHand
313.999672650487,236.59566410575727,334.95280661771693,211.98966059169933,289.85635027002064,212.10931832457186,361.76527719750266,216.38841977348307,256.9678410674072,217.84948427089387,425.64968899452657,320.0248806977695,203.4141642030825,318.13685297298787,551.9317475351783,396.34406744567235,80.73198867516702,390.4629483952358,535.7707342615183,219.551402933223,131.49166235884704,238.86868117397333,twoHand
303.9493894397053,238.38879316397973,326.1623993696045,212.2477697499599,278.30105174652,213.5614148721921,353.6209555092819,216.09840637679832,246.36563933891154,219.56101780360132,420.41649283783244,316.1928654963003,195.1821912785576,319.90922726841126,551.1506893936604,393.6848962336364,72.74206562110126,382.42355611686656,552.3966172653952,225.4625078518851,139.64331515646606,237.59555169734094,twoHand
291.836153941868,242.88251001766352,314.46700594635337,216.27033672655614,266.28414997670416,219.36150008363163,347.5549211994663,215.74223744873802,240.24448531892634,222.712006059363,413.8125110966658,316.6503717812557,189.7299244517141,324.2691995734787,543.7873216645523,397.2344228564951,67.87858072499144,380.11687725926265,540.84182415755,226.0735598714885,137.53965316982328,228.00123060937628,twoHand
283.5585443404201,245.77494706551218,305.0925254375111,220.12752803547633,260.2088796480081,223.93093929220356,341.6007471667038,216.53330400663492,233.09178285309073,225.1243071282935,410.02745683319574,320.42205347740065,187.51131186813774,325.91388664056757,525.6798501818672,406.63645996727627,58.23577365067866,376.91407221661007,524.5833364752348,236.15689567789522,128.3183065270205,223.50593181652008,twoHand
281.72757962240604,247.81069557808377,304.48357859989,219.6730232956385,255.65694046481397,224.288213058138,339.36385502149443,215.3021416044089,225.39797476644992,224.41674174868686,408.7173294827921,322.77558559874916,181.74753558227093,332.03540797322773,538.9189134943789,406.10456675211805,57.241840507289965,367.9445760503545,508.120417628282,248.8221969208898,119.0158799830268,206.6998125872037,twoHand
281.8320709560891,246.8640444125108,304.17243564997955,219.60298714336517,255.59588953279328,224.2228949928309,337.7808000748938,216.56885328598864,223.0149688692487,226.8173424580737,408.1920014917764,321.9504853749146,183.03686509764213,335.2067704905618,531.4170017726304,416.19717041712846,49.221446800036134,364.32224603882577,495.09495339098584,258.0190028282231,113.75791316779288,200.38647084921521,twoHand
283.3704495020173,247.86561225162242,305.6926132461921,221.15013934753713,257.63049270351297,224.72032476434083,339.773602799869,217.41374380658635,222.84646017399257,225.66540156996194,407.5633132132689,323.49614014298663,184.5923786206902,334.6712281436628,535.3412697961005,412.2426476510617,41.75530647559087,362.77314676327603,492.92145409195007,255.5147654851351,101.22415284485135,202.64200034081625,twoHand
286.03450232004883,246.45770376507318,310.25071628097294,220.35197168064394,260.848612708062,223.0980623820123,343.34392171657237,218.5961679843687,228.4432562622274,225.35616626470951,409.13111284048654,324.1913416709709,181.4827385566747,332.2287641344407,536.9034009299663,402.408597861729,40.43161721744621,363.9741610314971,495.7302266067248,240.20488224614638,89.26792904438446,207.42447770623116,twoHand
288.6978670500668,245.10086923974168,311.46449671433027,219.23710006203862,264.19619428311256,220.14360521716407,344.49372922729253,215.8929654526084,232.0652809242103,221.04262795691346,410.58139625023125,322.14205343434276,186.39981132220856,325.73703812294997,520.2028531403444,404.8194066892346,41.9580413412869,375.1943526553777,495.7403235544387,224.539624526584,91.84670818925221,214.64649305191716,twoHand
296.45006170666255,239.87959391875108,317.8152703205618,213.18622112954046,271.465912258173,215.34068142608544,351.54987242762166,212.40796824088557,240.967647508264,220.40755454523472,411.5545081599945,315.93306699336887,190.99237054522604,323.1131481984905,539.0116713743556,373.6902815025348,48.86057672137031,380.0750003215639,493.603953105728,189.5580144565572,100.20170427290496,228.60523182525998,twoHand
301.7024947481385,232.45699800649118,324.28679924830794,206.8625248945717,277.0878505511216,207.63882776591572,353.435478566627,211.0914059386631,244.43405354008502,215.9327989226564,411.6988688024259,309.4763488545087,196.93103371132267,316.586553906544,538.3624745384236,356.2645390928157,61.62602974292489,397.74362955544143,503.80818681357573,185.68867935129518,99.85549255290364,251.12742509876543,twoHand
308.1932826918907,226.79080254220798,329.41900250201877,201.6077736840322,283.3720758985804,202.25765028441884,354.72527586043674,206.10091225656953,250.61654128782604,211.63827386181234,416.28366291514163,306.54039450960573,202.9534564757688,313.3644277650595,539.2057706158763,352.2084425904001,70.77969541819174,417.43889297769294,497.94590484182004,175.17783287750157,106.87294387166335,267.7457292868692,twoHand
310.0417415297937,220.70479364049268,330.2696137738732,197.49611414071538,286.4545936337551,198.2562000602885,356.5225928228352,203.68327382241912,256.5427265400461,208.10772903505273,424.1682316131951,305.9854996539774,202.64492558450144,309.24753968878537,545.4891911254357,367.5801419057071,81.41135801542987,429.8892220033544,492.7648983174656,185.75070640764707,119.50919992414556,280.2046262072562,twoHand
311.24765105672157,214.95906195343667,331.64093306604843,191.1789444573285,286.77034672010814,191.75663271945973,356.7761244147665,198.91450366664785,256.3564227612461,202.47710242237162,422.5007888873119,303.78032179262175,198.32587887689334,306.44716011178855,549.3945110504534,380.55376125395225,89.7149306667204,447.23266600039454,491.50749577724986,201.97576388069984,127.26835929888978,289.79133555616414,twoHand
312.6375702241597,212.51991367477092,333.2311869887533,188.76755671781748,288.2556935654106,188.5885129130343,358.704388145296,198.33263689565007,257.4345452384304,200.3792981727985,421.834332880243,303.2104944083163,197.71281837181365,305.38994733676793,550.0029773255242,401.53258889163925,83.00510239917443,445.8992520516178,495.99199166335336,216.57928689840105,116.76768456485183,295.2183491602359,twoHand
311.61136963595453,211.85695080515868,332.6874160450905,187.95460904457707,287.68581236689533,188.261578413752,359.2440436824023,197.41959460958927,255.42409922714904,199.29190740617156,423.00882435796984,303.67193700117036,197.9222421124653,309.7624814515978,546.1302100195617,420.35682309843764,81.22835261528452,443.54513956514415,501.43279225253735,241.02302668399204,102.04998699861255,293.5841416527746,twoHand
308.0898915987476,211.88764690662762,330.42190677925333,188.20687008545988,283.2914896346678,187.8350954113502,357.9148071976574,199.5400562080276,249.33176005953328,200.2516017772268,422.57592366639597,311.7507282474171,193.39072248306604,309.3015789506384,539.9590053986201,434.02733377912114,76.47406107640323,435.0984311971697,514.4510646522199,258.8251435219662,86.198306232768,283.7712641485453,twoHand
304.02964947489886,215.27310760432184,327.5486485096889,190.9451836640791,280.07633004395944,190.88923936801066,356.3200120013746,201.96607634301665,246.40840841116923,200.80913918786192,420.14417882284397,315.0380099044107,189.58430801976124,311.85866135416086,530.1390362430784,443.4310969129158,56.16637512722757,414.174666153123,524.6108092664809,268.8755770784707,75.0134813475436,267.616276199901,twoHand
299.6358497062987,217.6276192900528,322.81473081618736,193.88059372802837,274.47752601738773,194.07640948579328,351.96860677144855,205.71805668167255,243.34137882327423,205.56569945459134,416.6253103522984,317.73368769090644,185.06177612557974,319.51278382666055,532.7992120814654,447.9452015863692,49.60810688400713,413.3501759419877,538.0823176377241,277.88315636324796,55.57092679091154,266.6671760830058,twoHand
291.9573709222685,221.7143141950278,314.7316823242245,196.407650196042,267.9404596991754,198.0989961929974,345.1554930580545,204.0696492746128,239.01250674838448,207.7585213807386,409.76429638887504,318.3579059467909,185.96577851309266,319.6608006948338,528.804941528901,446.53228489605067,64.3899637215159,421.6783589332529,547.8618584733779,279.4860836433996,44.56053375193571,259.0933329398704,twoHand
288.475348701106,222.98265624713443,311.1313902912005,197.03671091085582,263.69765792796244,199.86331353694794,341.18411749902066,203.60303945155883,232.54320918341418,209.90030370241132,404.2234111757972,318.73983157371464,178.78527547150492,322.10316008828124,523.1355970476361,446.1556073615006,47.69323397307158,410.391902936929,552.1714173922522,281.10028281309445,46.47463190729504,257.7540683921588,twoHand
283.48417682040457,227.18702999831424,305.65319930771835,201.8945578938498,258.4513943979389,204.2420167362951,334.03655983993616,208.01446504633802,227.56316490990258,214.6754859512988,401.91147522615756,318.1713250628634,171.90886435243684,327.430231759722,524.3511939854725,441.3594273555847,40.068145400809485,403.50452026592365,552.6906443918067,271.9742775365429,57.461248737673706,264.20041556840016,twoHand
279.69084554674976,229.70839439025553,302.15365210456775,204.78646826818127,255.4570994515795,207.2346202765884,330.15931582822907,207.28090780062308,223.06281340490673,216.67675100196112,397.2737927704152,317.18969082470073,175.518238543956,322.21787427183983,525.4707549930483,427.6188242362633,42.84522460914271,397.5844046486745,539.601143962565,267.2304003970555,71.44821432322412,249.1391193385383,twoHand
281.437897103246,235.0785124243014,302.44093592802915,210.0361883669189,257.21596739683844,213.10762422804697,331.0275349456722,210.33974795425604,223.64894906949633,219.72782929612146,397.17916897451374,316.20794380565206,176.63476002799158,322.49860973721314,531.0502870859855,407.78453104359295,48.61884784630277,391.58499084609286,533.9545521161613,254.80032100454133,89.33017065319483,239.53628582841407,twoHand
285.1845485297878,242.0883204805154,305.62555191873315,215.41066538741484,261.04096640212873,218.42314237919473,337.9588113023204,214.37067542987919,229.49726960115026,223.06609340716878,400.6646839931427,315.6588976589304,186.0640657928968,320.99065338314074,529.879337382533,407.7243880978048,57.589122286498124,392.22986152158086,523.9907025174921,237.83282660984975,105.91622697774432,242.96587508421996,twoHand
291.793808156665,244.50326301191242,315.7377296933496,218.82438564774614,267.61387517772556,219.77239332605845,346.4907962594111,217.51905937181118,237.21472736282666,221.4256480148349,402.67269182173663,316.4146167071508,192.69313910066887,319.4110120326764,534.1167311758942,404.70936511229854,69.43692375166555,392.7713778760274,516.5607966112125,224.11442888141556,124.074302408644,232.69708760444416,twoHand
304.75642183140224,245.09000965195037,327.7999762891408,219.58814340247199,278.94594117643373,220.20281772627973,355.41257833866774,218.96123724207368,246.27146532924377,221.94970910634598,418.05339977440565,320.2502274145215,194.99262721917273,320.00423319403876,542.5589332821878,397.1001809424221,79.30862712199834,380.7104195541997,514.3356702656348,213.49447937589025,139.1145571667068,224.13452197421054,twoHand
316.20199867511326,247.3050031913735,338.3163279905147,220.4840347175702,292.5176734509431,221.32404336009174,364.43759954075097,219.10727840661653,259.39010888963264,221.2835703549066,419.74120872083654,319.0070035095452,204.45555647955615,318.3833675403392,551.6493120315239,390.661660470007,81.58882864139085,381.114809843164,512.5029292684222,208.80886708151206,134.97993263022553,232.69132492028035,twoHand
326.3768632156828,247.92707351042884,349.29489013562034,222.5921497802999,303.6145886175734,222.5375504579662,373.79628025685577,220.47753694774048,268.7719475953892,221.25357974274328,420.480270021258,317.42819921071356,214.03602767860826,319.29215098211654,550.3865454471012,389.43557289606,85.02509636517235,376.3367469154208,506.77494486146634,208.76588915040975,134.65224598850108,214.69932524723524,twoHand
337.7296680868017,247.1581342779873,360.173192727795,221.29065940836333,312.6769298439747,221.42695957380155,384.07959733061483,218.99135440268506,274.1560384743426,219.57632709269697,425.1473588472438,317.8595023743735,218.05725298305174,320.5523455972973,547.356641118494,390.40323901569764,83.93842595707315,370.4709898624843,494.2589368466922,215.525347259582,129.50244880834583,203.57967039545255,twoHand
340.3227427914859,244.9253883994065,362.277857391885,219.47470617559858,316.01374661689164,220.14932285686567,385.55419127101516,218.31117106929474,280.9692945033279,219.2302054008889,426.6456008224406,319.8039950433603,224.51336381792265,317.1568489286805,547.4825008625771,391.8838869847592,75.1393621586158,369.38388854565096,484.28861349870266,214.76462467576206,106.43436357701088,207.78492530726848,twoHand
343.1842628780802,238.72960665544778,364.7093701674077,213.00214863049996,318.40491478216586,215.1623092501181,388.98241565721116,215.4178461175545,283.4604630866711,219.00459293602063,436.4507123142309,324.52684283732873,222.91686395329876,317.1239172019164,561.1360873189126,387.69845205020147,69.15258449049173,369.7567272971693,487.24053896932685,215.61808333492954,87.78754666304437,201.04713363524286,twoHand
342.0886814194197,237.44543705016267,364.57955660181426,210.7898949970476,317.6581903137404,212.20215489961112,388.66900583696906,211.17644949566326,282.3669737438917,215.19928914494284,440.22138441163867,324.61876911699187,219.92323608917044,316.2696035918621,563.3779687802796,379.7326041398522,60.426230471337846,368.47791431063246,501.1291333250655,206.19466946600218,85.79045113235848,200.683360059371,twoHand
337.3683422324544,234.1616504311486,360.50856257949533,209.40158919671768,312.5003327350337,208.64948950885673,384.056267869129,212.1360996667265,274.8695092959865,212.03330092961664,429.45105668844235,313.5611916556313,211.1122251049002,315.3846465660767,575.2344360352084,370.8899784634001,59.27347847805498,376.1053521934612,526.3265547294753,189.29523277310375,90.89968113107923,218.00524892934837,twoHand
330.4701254172568,230.3536296489731,354.36253983551023,206.358419823934,306.9492354128783,204.37094026336507,376.91807866940934,211.08116504820893,268.1087949122289,209.3223701733163,427.9258268963805,312.1466372988259,204.25009544369314,317.72948209132744,567.7122892867611,361.665822187414,64.46403272806178,379.77595817455176,545.6527206005358,176.91316253226339,108.53520951674135,232.31580127453265,twoHand
319.61504881064184,227.903091303959,342.6278425983131,202.68852236704083,296.7716464989261,201.40039625291865,368.56500576347526,208.9279892574674,263.4389102249111,206.02262010429592,425.7488585063679,312.569035711378,198.42006033228355,313.3147302070149,549.973722065356,375.0383434666675,61.60872482057208,393.62129260686027,557.3360342661481,182.2012555844341,116.71804968568453,243.56809102157564,twoHand
311.5650791511546,225.91915041366423,331.8000959138553,198.4611556811468,286.896964994043,200.0029133808423,357.83239180650514,200.73440730540443,253.86712880735257,202.56574367160803,425.30687559919,309.98940595394635,197.10783715151518,307.1929837835811,552.1959060506069,379.5892669971332,59.87877476855636,401.7948263569184,561.372740085254,199.4320326940949,118.76262964221198,249.47342355111633,twoHand
302.8625114521015,221.39324695064087,325.6402377641726,195.85367189271966,278.5399509637291,196.20926182446456,352.77530507352867,201.14473431186548,244.5520545389187,202.26558194235835,419.890970696782,308.34215504294593,191.3588391192331,307.18223025559115,566.6042717979277,388.41325333140736,58.99693180894737,409.04547627195785,563.0403856114616,205.29855375999975,108.32616860541413,265.05632812111907,twoHand
293.52553153472456,219.78948708872662,317.3135226592831,194.36478315429497,269.5733785019195,195.66804522018066,347.21353736753315,198.48439712890521,240.0986796090081,201.4807651949873,416.4765303492637,311.93349322968334,190.09438754986857,306.615039618898,556.4947795385901,404.4271627657974,52.066932160281766,422.2381993282554,557.8825089499288,234.69505611062036,102.21509141848418,272.052627409655,twoHand
